"Tissue.ch1","X203232_s_at","X219230_at","X216042_at","X210654_at","X207265_s_at","X212784_at","X203237_s_at","X214272_at","X216136_at","X209456_s_at","X214310_s_at","X210744_s_at","X201532_at","X210577_at","X215233_at","X204776_at","X221589_s_at","X204099_at","X221065_s_at","X215744_at","X201705_at","X209686_at","X216294_s_at","X221726_at","X215807_s_at","X217067_s_at","X206394_at","X217275_at","X204720_s_at","X210153_s_at","X211001_at","X217805_at","X201327_s_at","X203982_s_at","X213865_at","X201118_at","X205108_s_at","X212830_at","X218678_at","X221768_at","X205470_s_at","X217652_at","X201297_s_at","X207927_at","X220385_at","X217574_at","X202099_s_at","X219174_at","X217212_s_at","X205649_s_at","X204519_s_at","X208322_s_at","X202509_s_at","X65521_at","X215813_s_at","X210179_at","X215083_at","X209730_at","X215465_at","X219152_at","X204534_at","X215387_x_at","X210113_s_at","X210552_s_at","X823_at","X221739_at","AFFX.PheX.3_at","X218618_s_at","X207998_s_at","X219398_at","X200010_at","X209947_at","X213953_at","X205831_at","X203522_at","X202549_at","X214850_at","X201936_s_at","X210259_s_at","X216659_at","X211406_at","X221076_at","X205211_s_at","X216210_x_at","X220175_s_at","X213064_at","X208491_s_at","X212142_at","X209721_s_at","X210156_s_at","X216152_at","X216641_s_at","X201914_s_at","X213148_at","X208780_x_at","X221730_at","X208450_at","X211438_at","X206624_at"
"Liver Tumor Tissue",7.297,3.576,3.622,3.435,5.298,5.435,3.711,4.879,3.062,4.546,3.608,3.555,9.254,4.409,3.472,3.443,10.905,4.04,4.112,3.27,7.58,3.359,3.486,9.009,6.954,3.525,3.332,3.805,3.848,5.378,3.198,5.169,7.561,3.869,3.696,5.96,13.11,8.53,5.715,8.07,3.56,3.389,3.935,3.492,3.163,3.381,4.438,4.626,3.542,12.262,4.754,7.821,4.18,4.795,4.597,3.753,4.39,4.483,3.005,3.317,12.637,5.468,4.146,3.509,4.715,7.055,3.9,7.573,4.009,4.372,10.968,5.066,3.448,4.713,6.902,4.294,4.954,6.04,3.261,3.278,3.743,3.123,4.282,7.839,6.475,7.607,3.789,3.722,5.888,6.063,3.895,4.607,7.025,6.302,9.907,6.094,4.225,3.389,3.001
"Liver Tumor Tissue",7.275,3.328,4.02,3.448,5.549,5.397,3.588,4.744,3.073,4.209,3.588,3.254,9.299,4.166,3.497,4.254,8.216,3.597,3.949,3.575,6.993,3.163,3.459,8.503,5.112,3.191,3.522,3.717,3.583,5.41,3.362,5.773,7.749,3.736,3.566,6.027,13.373,7.93,4.73,7.183,3.522,3.407,4.176,3.595,3.282,3.378,4.551,4.746,3.593,12.341,4.116,6.387,5.069,4.806,3.52,3.31,3.958,4.534,3.694,3.547,11.777,4.817,4.126,3.694,3.703,7.957,4.078,9.126,3.629,4.209,10.582,5.844,3.501,4.317,9.541,4.035,4.781,6.864,3.21,3.612,4.008,3.221,4.322,8.371,6.299,7.475,3.591,3.823,5.984,6.254,4.07,4.411,8.131,5.576,10.346,4.919,4.156,3.677,3.234
"Liver Non-Tumor Tissue",7.077,4.794,3.639,3.801,4.882,5.16,3.648,4.721,3.059,5.144,4.299,3.207,9.176,3.555,3.633,3.681,10.572,3.95,3.567,3.197,7.049,3.275,3.526,8.869,7.074,3.56,3.44,3.791,3.264,5.869,3.132,5.611,7.284,3.526,3.694,5.925,12.985,7.819,4.776,8.026,3.654,3.222,4.45,3.163,3.09,3.397,4.192,4.782,3.604,12.666,4.52,7.744,3.873,3.999,3.887,3.448,4.487,4.417,2.966,3.226,12.405,5.014,4.027,3.682,4.28,7.218,3.951,8.75,3.476,4.172,11.266,4.773,3.427,4.629,7.197,3.525,5.177,5.918,3.251,3.499,3.876,3.253,4.125,7.259,6.828,6.944,3.626,3.654,6.305,6.505,3.639,4.458,7.506,5.803,9.882,6.094,4.762,3.495,4.219
"Liver Tumor Tissue",7.554,3.076,3.568,3.308,6.716,4.96,3.399,4.501,3.026,4.259,3.744,3.324,9.007,3.984,4.538,5.425,8.139,3.983,3.526,3.089,8.063,3.371,3.335,9.355,6.548,3.088,3.22,3.651,4.199,6.042,3.365,5.558,8.738,3.391,3.575,8.608,12.325,8.746,5.247,7.567,3.123,3.084,4.567,3.175,3.395,3.198,4.145,3.909,3.462,10.855,4.468,6.78,4.057,4.372,5.462,3.472,4.238,4.39,3.153,4.377,9.716,5.148,4.247,3.373,4.533,7.467,3.467,8.716,3.756,4.541,11.555,5.448,9.567,6.315,6.008,4.147,6.002,6.511,3.338,3.507,4.671,3.128,3.858,7.06,6.708,6.055,3.38,4.241,6.512,7.27,3.851,3.896,7.581,5.898,10.777,6.335,4.875,3.047,3.053
"Liver Tumor Tissue",6.671,3.373,3.947,3.514,5.524,5.295,3.572,4.499,3.306,4.113,3.8,3.233,8.998,4.289,3.412,3.628,10.939,3.854,3.756,3.262,6.997,3.299,3.738,8.742,6.976,3.282,3.423,3.465,4.326,6.487,3.573,5.76,8.927,3.844,3.583,6.36,13.177,7.993,4.838,7,3.551,3.477,4.211,3.621,3.499,3.222,4.209,4.079,3.775,11.722,5.889,8.533,4.246,4.676,3.746,3.342,4.835,4.647,3.352,3.481,13.101,6.231,3.528,3.693,4.462,7.222,4.563,7.417,3.728,4.622,10.874,5.548,3.581,4.906,8.363,6.606,6.354,5.665,3.346,3.223,4.513,3.111,4.58,7.747,6.877,7.55,3.436,3.882,6.091,6.255,3.978,5.675,7.347,6.612,10.613,5.78,5.371,3.421,4.349
"Liver Non-Tumor Tissue",7.493,4.203,3.707,4.006,5.399,6.046,4.09,4.898,3.569,5.833,4.017,4.054,8.609,4.861,4.095,3.838,11.038,3.7,4.044,3.361,6.93,3.413,3.915,8.329,7.952,3.707,3.517,4.307,3.528,5.388,3.567,5.915,6.614,4.263,3.818,5.458,12.369,8.035,4.625,8.319,3.897,3.706,3.219,3.64,3.666,3.84,4.958,5.12,3.721,12.66,5.617,8.348,4.054,5.109,3.889,3.98,5.246,5.315,3.176,3.515,12.783,6.125,4.091,4.317,4.625,6.927,4.136,7.644,4.027,4.804,10.641,5.301,3.526,3.778,7.636,3.92,6.079,5.574,3.454,3.504,4.177,3.523,4.8,7.108,6.79,7.66,3.829,4.316,6.824,5.883,4.156,5.151,7.312,6.377,9.627,3.91,4.746,3.742,3.642
"Liver Non-Tumor Tissue",6.755,4.877,3.492,3.485,4.513,5.254,3.707,5.031,3.318,4.788,3.75,3.549,8.359,3.217,3.588,3.958,10.37,4.699,4.173,3.29,6.71,3.48,3.591,9.143,7.607,3.881,3.455,3.967,3.492,5.017,3.503,4.596,6.855,3.634,4.013,5.746,13.051,7.47,4.822,7.868,3.319,3.517,3.864,3.508,3.895,3.451,4.267,4.304,4.302,12.724,4.981,8.589,5.196,4.722,3.665,3.687,5.19,4.676,3.264,3.529,12.402,6.519,4.289,3.667,4.376,6.825,6.213,7.591,4.04,4.439,10.607,4.671,3.411,5.176,6.86,5.495,6.269,5.57,3.359,3.489,3.695,3.469,4.541,7.135,6.566,7.439,3.458,3.778,6.689,5.94,3.578,4.526,7.713,5.788,9.488,5.784,5.292,3.346,3.573
"Liver Tumor Tissue",5.257,3.22,3.935,3.863,4.963,5.484,3.981,4.975,3.063,4.226,4.031,3.742,8.699,3.57,3.89,5.45,9.429,3.876,3.923,3.737,6.585,3.466,3.495,7.87,7.669,3.528,3.391,3.95,3.338,5.477,3.775,5.983,8.12,3.84,3.824,5.809,13.297,7.608,4.83,6.691,3.76,3.791,3.678,3.427,3.637,3.79,4.411,5.053,3.529,12.902,4.019,7.482,4.345,4.621,3.666,3.825,4.918,4.456,3.269,3.716,12.823,6.362,4.066,3.743,5.161,7.408,4.42,8.1,4.372,4.06,10.367,5.498,3.505,4.659,6.161,4.399,5.881,5.489,3.16,3.219,4.514,3.182,4.498,7.948,7.064,7.093,3.577,3.626,6.469,6.122,3.749,4.132,7.889,6.502,10.089,8.411,4.107,3.162,3.77
"Liver Tumor Tissue",7.17,3.089,4.007,3.274,6.36,5.076,3.619,4.373,3.093,4.297,4.05,3.403,9.383,3.905,3.595,4.026,6.526,3.467,3.704,3.313,7.52,3.815,3.357,9.793,7.148,3.216,3.463,3.74,5.773,5.087,3.238,7.464,8.313,3.711,3.786,7.13,11.444,7.294,5.866,7.237,3.446,3.552,3.881,3.516,3.316,3.352,4.682,4.495,3.409,10.296,5.334,7.138,3.579,4.426,3.418,3.223,5.19,4.703,3.233,3.296,10.921,5.765,3.749,3.532,5.362,7.619,4.142,9.248,3.914,4.006,12.183,5.432,10.887,4.094,6.006,4.503,5.601,6.21,3.308,3.306,3.765,3.172,4.201,7.549,7.405,6.525,3.487,5.15,6.287,6.577,3.95,5.145,7.675,5.545,9.933,7.742,4.056,3.213,3.095
"Liver Non-Tumor Tissue",7.163,4.003,3.693,3.306,5.136,5.568,3.597,5.118,3.457,5.71,3.455,4.256,7.728,4.318,3.91,3.98,10.622,3.949,4.485,3.699,6.477,3.401,3.483,8.313,7.188,4.993,3.42,4.232,3.218,4.572,3.352,5.377,6.738,4.031,4.03,4.687,13.118,7.568,4.514,7.829,3.94,3.373,3.357,3.987,3.316,3.727,4.368,4.251,3.867,12.077,4.769,8.213,4.706,4.56,3.471,3.638,5.265,4.437,3.385,3.337,12.697,5.839,4.23,3.368,4.41,6.753,3.65,6.694,4.331,4.175,10.503,5.309,3.315,5.281,7.4,4.165,5.619,5.714,3.573,3.571,3.851,3.221,4.756,7.618,6.375,7.124,3.962,3.818,6.523,4.605,4.269,4.59,6.712,6.164,9.373,4.061,4.052,3.875,3.604
"Liver Non-Tumor Tissue",7.246,4.019,3.58,3.436,4.745,5.355,3.755,5.009,3.336,5.127,4.089,3.459,8.252,3.76,3.49,4.151,10.832,3.628,4.004,3.45,6.542,3.41,3.483,8.807,6.992,4.416,3.295,4.348,3.175,5.035,3.482,5.329,7.069,4.108,3.958,5.291,12.898,7.89,5.029,8.24,4.124,3.636,4.013,3.673,3.41,3.423,4.466,4.283,4.088,12.829,5.017,8.391,4.235,4.828,3.916,3.52,5.458,4.801,3.114,3.402,12.456,5.844,4.068,3.633,4.506,6.773,4.721,6.947,3.737,4.192,10.619,4.725,3.576,5.981,7.673,4.307,5.798,5.185,3.417,3.596,3.976,3.138,4.348,7.394,7.057,7.388,3.644,3.841,6.854,5.706,3.692,4.533,7.244,6.062,9.828,4.3,4.575,3.459,3.587
"Liver Tumor Tissue",7.668,3.099,3.858,3.365,4.812,6.137,3.505,4.65,3.233,4.34,3.66,3.505,8.612,3.783,3.947,4.786,8.571,4.164,3.955,3.493,6.558,3.301,3.252,7.079,5.236,3.288,3.491,3.957,4.527,5.566,3.573,5.862,8.43,3.849,3.763,5.005,13.06,9,4.636,7.858,3.629,3.462,4.425,3.702,3.284,3.4,4.657,5.185,4.065,11.679,6.417,4.949,5.063,4.118,3.806,3.389,4.403,4.481,3.519,3.318,12.723,6.98,3.717,6.001,3.855,7.902,4.095,9.202,3.679,5.147,9.77,5.675,5.905,4.926,6.37,4.349,8.254,7.399,3.226,3.476,5.019,3.177,4.256,9.087,6.462,7.157,3.716,3.774,6.2,5.716,3.911,4.685,7.039,5.066,10.552,7.745,4.314,3.427,3.297
"Liver Non-Tumor Tissue",7.484,3.844,3.823,3.406,4.806,5.073,3.646,5.099,2.974,4.601,3.718,3.684,8.756,4.265,3.841,3.94,10.526,3.961,4.481,3.246,7.291,3.521,3.43,8.536,7.319,3.289,3.451,3.974,3.413,4.835,3.451,5.063,6.646,4.11,3.572,5.358,12.791,7.908,5.023,7.154,4.024,3.651,3.32,3.697,3.272,3.473,4.654,4.442,3.435,12.145,5.433,7.986,4.004,4.909,3.684,4.004,4.767,4.772,3.091,3.368,12.691,5.795,4.053,3.844,4.806,7.034,3.99,7.698,3.685,4.359,10.718,5.094,3.438,4.654,7.927,4.06,5.129,5.337,3.415,3.442,4.042,3.24,4.712,7.631,6.018,7.482,3.888,3.599,6.358,6.264,4.003,4.496,7.279,6.159,9.645,4.416,4.622,3.304,3.678
"Liver Tumor Tissue",6.757,3.156,3.83,3.635,6.126,5.959,3.498,4.286,3.79,4.608,4.287,3.477,9.644,3.604,3.701,6.362,5.1,6.34,4.127,3.214,7.192,3.865,3.286,8.705,4.629,3.936,3.648,3.969,3.802,6.551,3.889,7.389,8.703,3.3,3.773,8.164,11.925,8.05,4.881,6.649,3.638,3.43,3.792,3.074,3.31,4.096,4.099,4.38,3.775,11.505,4.812,7.041,5.038,4.258,6.427,3.912,4.639,4.262,3.471,3.785,10.586,5.979,4.672,3.861,4.429,8.01,5.131,10.356,3.996,5.587,11.014,4.792,3.373,4.12,5.875,4.084,4.722,5.696,3.611,3.646,4.458,2.922,4.017,7.327,6.997,5.361,3.488,4.837,5.773,6.987,4.289,4.124,7.656,5.111,10.446,4.982,4.629,3.724,3.452
"Liver Tumor Tissue",7.208,3.405,3.652,3.168,4.646,5.655,3.759,5.039,3.1,5.182,3.99,3.526,7.684,3.79,3.872,6.301,10.404,3.756,4.114,3.414,7.556,3.304,3.754,8.312,6.516,3.36,3.503,3.82,3.421,5.329,3.257,5.764,7.05,4.172,3.675,6.591,12.51,7.366,4.861,7.731,3.431,3.607,4.297,3.728,3.295,3.655,5.015,4.494,3.791,12.21,5.263,9.076,3.906,4.596,3.455,3.584,4.993,4.538,3.166,3.649,12.854,6.843,3.968,3.529,4.471,7.455,5.052,8.095,3.638,4.235,11.198,5.272,3.148,3.596,7.681,4.598,6.248,6.394,3.187,3.556,4.557,3.035,4.597,7.331,6.149,8.022,3.511,4.003,6.387,6.218,3.791,4.673,7.552,6.002,9.662,3.753,4.384,3.301,3.45
"Liver Tumor Tissue",7.304,3.177,4.075,3.476,4.674,5.533,3.495,4.539,2.896,4.269,4.049,4.147,8.847,4.406,3.874,3.94,9.689,4.016,3.65,3.302,6.902,3.434,3.614,8.536,8.282,3.258,3.716,4.081,3.502,5.438,3.201,6.244,8.062,3.887,3.578,4.276,12.774,8.341,5.364,7.558,4.076,3.712,3.694,3.298,3.454,3.04,4.653,3.675,3.487,10.968,3.968,6.616,5.002,4.601,3.344,3.609,5.194,4.663,2.991,3.334,12.938,6.809,3.99,3.29,4.056,7.474,4.068,8.526,4.033,4.668,10.447,6.177,3.287,4.582,6.903,4.056,6.893,4.908,3.459,3.652,3.954,3.266,4.355,8.423,6.119,7.871,4.13,3.665,6.06,5.256,3.997,5.184,6.31,6.991,10.433,5.81,4.047,3.324,3.125
"Liver Non-Tumor Tissue",6.923,4.942,3.393,3.494,4.349,5.238,3.95,5.235,3.204,4.626,3.908,3.655,8.755,3.875,3.548,3.732,10.53,4.3,4,3.483,7.296,3.42,3.457,8.741,6.79,3.327,3.438,3.872,3.537,5.036,3.384,5.001,7.969,3.693,3.779,5.25,13.062,8.532,4.364,7.807,3.889,3.722,3.774,3.274,3.171,3.429,4.69,4.944,3.643,12.896,3.951,7.559,5.202,4.322,3.665,3.539,4.985,4.133,3.15,3.407,12.669,5.725,4.309,4.249,4.257,7.018,5.005,7.854,3.575,4.653,10.527,4.541,3.292,5.033,6.723,5.564,5.417,5.69,3.055,3.355,4.387,3.42,4.23,7.479,6.849,7.76,3.73,3.478,6.305,5.841,4.096,4.564,7.365,5.752,9.984,5.332,4.376,3.214,3.736
"Liver Non-Tumor Tissue",6.46,3.488,3.877,3.87,4.486,5.401,3.651,5.691,3.899,5.198,4.027,4.18,8.525,3.866,3.729,4.102,10.097,4.174,4.412,3.468,6.355,3.677,3.87,8.212,7.767,3.769,3.59,4.995,3.273,5.004,3.829,5.012,5.62,3.57,4.014,5.944,13.156,7.959,5.086,8.074,3.719,3.846,3.499,3.406,3.845,3.615,4.577,4.392,4.008,12.64,4.438,6.929,4.822,4.544,3.541,3.643,4.555,4.883,3.486,3.683,12.544,6.236,4.437,3.875,4.757,6.611,4.499,7.378,4.04,4.898,10.102,5.943,3.35,4.454,7.149,4.293,5.856,5.281,3.374,3.564,3.983,3.264,4.744,6.71,6.87,7.226,3.751,3.674,6.456,5.928,4.418,4.689,7.239,5.872,9.772,4.057,4.979,3.694,3.379
"Liver Non-Tumor Tissue",6.885,4.479,3.458,3.453,5.41,5.165,3.441,4.643,2.991,4.597,3.82,3.361,8.968,3.61,3.47,3.606,10.358,4.828,3.91,3.205,7.168,3.144,3.724,8.815,7.525,3.49,3.376,3.685,3.38,5.762,3.654,5.607,7.344,3.551,3.666,6.286,13.091,7.816,4.473,7.901,3.161,3.511,4.24,3.239,3.557,3.44,4.265,4.367,3.778,12.494,4.946,7.797,3.975,4.305,3.745,3.558,4.325,4.429,3.19,3.556,12.317,5.125,4.09,4.208,4.754,7.292,4.088,8.061,3.602,4.436,10.864,4.695,3.371,6.458,6.931,3.99,5.648,5.422,3.273,3.356,3.859,3.104,4.186,7.095,6.683,7.316,3.402,3.739,6.456,6.489,3.451,4.496,7.621,5.818,9.842,6.184,4.728,3.197,3.182
"Liver Tumor Tissue",7.922,3.305,3.815,3.302,7.793,5.009,3.596,4.528,3.263,4.037,3.495,3.612,8.466,3.829,3.895,6.693,8.552,3.757,3.79,3.42,8.058,3.443,3.493,9.58,6.938,3.177,3.44,3.836,6.146,5.504,3.255,6.188,8.929,3.547,3.453,5.903,13.036,8.643,4.248,8.575,3.462,3.118,3.846,3.296,3.319,3.474,4.887,4.859,3.418,11.066,4.313,5.318,4.139,4.801,3.439,3.551,5.222,3.961,3.13,3.448,12.439,6.204,3.601,3.949,4.029,7.187,3.749,7.623,3.949,4.369,11.483,5.471,3.407,3.728,6.459,4.375,8.812,6.549,3.367,3.472,3.999,3.132,4.075,9.66,7.316,7.845,3.466,3.397,5.682,6.524,3.915,3.931,7.23,5.823,10.031,4.103,3.956,3.442,3.061
"Liver Tumor Tissue",7.424,4.087,3.612,3.9,6.759,5.063,3.711,4.77,3.602,3.624,4.113,3.791,8.928,3.778,3.428,3.934,7.809,3.984,3.591,3.305,6.794,3.538,4.295,8.579,5.93,3.133,3.495,4.119,3.392,6.11,4.275,6.832,8.606,4.308,3.797,7.942,11.66,6.268,6.029,6.268,3.419,3.658,4.712,3.308,3.749,3.805,3.981,4.559,3.721,12.385,5.418,6.19,4.503,5.112,5.418,3.772,3.775,4.936,3.058,4.163,10.862,5.983,5.187,3.461,4.326,8.317,6.317,9.546,3.69,4.138,10.045,5.494,11.818,5.885,4.661,3.645,4.806,5.879,3.049,3.646,3.847,4.267,4.188,6.739,6.175,5.623,3.49,4.471,5.701,7.497,3.645,5.303,6.197,4.321,10.884,6.079,6.083,4.235,4.052
"Liver Non-Tumor Tissue",7.43,3.834,4.061,3.555,4.52,5.283,3.796,5.634,3.254,5.459,3.572,3.828,8.222,4.023,3.891,4.205,10.594,3.854,3.882,3.331,6.734,3.579,3.872,8.581,7.675,3.354,3.596,3.792,3.413,4.73,3.138,5.075,7.886,3.693,3.717,5.602,13.063,7.402,4.393,8.024,4.118,3.349,3.662,3.785,3.394,3.604,4.556,4.815,3.443,12.609,4.622,7.783,5.274,4.873,3.459,3.935,4.96,4.173,3.245,3.359,12.668,6.275,4.468,3.937,4.625,6.865,6.64,7.73,3.844,4.472,10.415,4.818,3.668,4.952,7.399,5.065,5.007,5.338,3.354,3.279,4.127,3.446,4.825,7.802,6.748,7.47,3.934,3.541,6.882,5.202,4.18,4.645,7.173,6.25,9.713,5.154,5.282,3.3,3.809
"Liver Tumor Tissue",7.858,3.1,3.79,3.444,8.182,5.095,3.664,4.589,3.024,3.889,3.803,3.388,9.468,3.578,3.588,3.781,6.886,3.935,3.87,3.832,6.826,3.447,3.45,9.93,4.824,3.317,3.448,3.699,5.915,6.479,3.227,6.059,9.571,3.632,3.629,5.509,12.124,6.986,4.299,7.536,3.375,3.366,4.018,3.528,3.218,3.327,4.478,3.687,3.583,10.216,4.525,4.983,4.683,4.201,3.774,3.344,4.122,4.593,3.25,3.52,11.344,4.886,3.867,3.562,5.527,7.78,4.424,8.776,4.126,4.337,10.873,4.993,3.414,4.712,6.713,5.094,6.746,5.561,3.163,3.218,5.108,3.164,4.268,8.155,7.619,7.422,3.655,3.92,6.834,6.181,4.241,4.345,6.574,6.552,10.634,5.392,5.399,3.138,2.945
"Liver Tumor Tissue",7.328,3.313,3.701,3.316,6.034,5.966,3.418,4.745,3.089,4.112,3.794,3.344,8.14,3.923,3.764,3.923,7.075,6.779,3.972,3.294,7.184,4.774,3.505,9.64,8.565,3.238,3.602,3.981,4.604,6.016,3.288,7.35,9.321,3.629,3.656,7.677,11.912,6.095,8.904,8.125,3.526,3.415,3.897,3.267,3.443,3.432,4.431,4.871,3.536,8.413,4.07,5.467,4.14,4.607,3.967,3.454,4.745,4.435,3.379,3.821,10.405,7.358,3.671,3.616,6.213,6.792,4.019,8.65,4.426,4.154,11.843,5.602,3.273,5.488,5.366,4.989,6.236,6.931,3.285,3.35,3.788,3.005,4.122,8.254,6.293,6.799,3.588,4.207,6.502,5.945,3.788,5.268,7.737,5.202,9.949,5.952,5.253,3.474,2.994
"Liver Tumor Tissue",7.641,3.063,3.826,3.509,5.14,5.622,4.014,4.719,2.994,4.308,3.911,3.476,9.196,4.001,3.488,5.379,8.545,3.654,3.534,3.35,7.344,3.476,3.689,8.748,7.096,3.165,3.384,3.758,3.338,6.894,3.444,7.059,8.785,3.794,3.827,6.188,13.091,7.905,5.4,7.181,3.463,3.447,4.14,3.51,3.265,3.248,4.605,4.712,3.534,10.854,3.751,6.166,3.706,4.594,3.458,3.466,4.287,4.285,3.363,3.716,12.481,5.392,3.697,3.684,4.377,8.013,3.935,9.225,3.451,4.426,10.996,5.508,3.453,3.983,5.644,4.111,5.516,5.241,3.274,3.302,4.696,3.272,4.017,7.627,6.938,6.649,3.265,3.914,5.98,6.209,3.892,5.222,6.722,7.164,10.301,7.926,4.218,3.299,3.025
"Liver Non-Tumor Tissue",7.16,3.756,4.106,3.492,4.748,5.63,3.587,5.267,3.011,5.427,3.731,3.778,8.487,4.618,3.68,3.894,10.753,3.542,4.425,3.183,7.26,3.406,3.594,8.644,7.586,3.905,3.582,4.034,3.681,4.947,3.584,5.082,6.97,4.037,3.979,6.247,13.02,8.436,4.454,7.265,3.974,3.654,3.52,3.66,3.281,3.608,4.763,4.153,3.759,12.811,4.73,7.533,4.434,5.068,3.677,4.007,5.336,5.032,3.201,3.493,12.747,5.881,4.088,3.857,4.488,6.827,4.151,7.65,4.304,4.477,10.558,5.202,3.587,4.501,7.674,3.798,5.399,5.315,3.577,3.487,3.873,3.145,4.91,7.296,6.274,7.267,3.618,3.939,6.415,5.92,4.195,4.759,6.963,6.577,9.512,4.741,4.232,4.051,3.614
"Liver Non-Tumor Tissue",6.305,3.569,3.361,3.707,3.885,5.237,3.058,4.564,3.924,5.116,4.623,3.89,8.65,4.42,3.611,3.859,10.041,3.755,4.244,3.208,6.55,3.619,3.337,8.509,6.367,5.253,4.431,3.802,3.387,4.983,3.483,5.592,6.2,3.344,4.185,7.077,13.03,7.167,5.091,6.592,3.432,3.627,3.825,3.433,3.289,4.59,3.944,4.426,3.591,12.231,5.514,7.501,4.923,4.603,3.694,3.761,4.643,5.058,3.457,3.741,12.706,6.529,4.232,3.715,4.785,6.337,4.34,6.775,3.701,4.458,10.907,4.615,3.728,5.075,7.548,3.774,4.266,5.055,3.657,3.614,3.577,3.373,4.532,7.035,6.802,5.75,3.791,3.91,5.638,5.31,4.159,4.545,7.377,5.617,9.242,5.354,4.439,3.698,3.535
"Liver Tumor Tissue",7.152,3.802,3.726,3.541,5.067,4.644,3.792,4.924,2.953,4.671,3.834,3.442,9.335,4.026,3.445,4.462,10.28,3.92,4.103,3.322,7.875,3.348,3.753,8.392,6.552,3.35,3.348,4.055,4.492,6.07,3.415,5.118,7.396,3.811,3.674,7.364,13.178,7.737,5.514,7.423,3.373,3.34,3.676,3.482,3.415,3.418,4.835,4.849,3.692,12.894,5.283,6.793,3.991,4.817,3.498,3.598,4.12,4.316,3.236,3.274,12.674,5.011,3.892,4.272,4.381,7.587,4.151,7.769,3.656,4.522,10.692,4.72,3.399,4.975,6.493,3.846,5.839,6.455,3.419,3.294,4.13,3.123,4.545,8.065,6.411,7.274,3.568,3.728,6.197,6.709,3.837,4.525,7.504,6.068,9.822,5.313,4.362,3.317,4.761
"Liver Tumor Tissue",7.642,3.082,4.195,3.458,8.033,4.796,3.625,4.76,2.996,3.985,4.016,3.462,9.413,4.032,3.54,6.194,8.813,4.66,3.647,3.585,7.267,3.477,3.456,9.497,7.4,3.186,3.304,3.819,3.606,5.728,3.33,7.567,9.558,3.872,3.788,7.073,13.195,7.462,5.469,7.4,3.474,3.496,3.622,3.316,3.421,3.373,4.471,5.054,3.611,9.755,4.113,6.671,3.856,4.516,3.557,3.495,4.487,4.129,3.092,3.574,11.761,4.847,3.948,3.424,4.948,8.363,4.063,10.486,3.624,4.441,11.612,6.156,3.262,4.995,5.67,3.994,6.296,5.493,3.313,3.414,3.525,2.942,4.246,7.989,6.96,7.715,3.716,4.326,7,6.76,3.827,5.409,7.154,6.71,9.38,4.952,5.564,3.28,5.133
NA,7.844,3.239,3.438,3.259,5.853,5.452,3.627,4.612,2.931,3.945,3.785,3.219,9.8,3.855,3.511,5.251,8.575,3.38,3.782,3.363,7.463,3.49,3.614,9.963,7.148,3.061,3.494,3.584,3.752,6.664,3.548,5.973,8.844,3.556,3.524,7.529,13.075,7.957,4.759,7.631,3.245,3.333,3.976,3.161,3.285,3.24,4.137,4.093,3.709,9.548,3.844,6.619,4.013,4.56,3.954,3.321,3.941,4.155,3.121,3.648,12.346,5.075,3.787,3.459,4.421,7.591,3.643,9.384,3.908,4.475,11.407,5.15,4.047,3.734,5.805,3.819,6.583,5.951,3.21,3.197,4.77,2.977,3.818,7.871,6.384,7.065,3.413,3.934,6.239,7.47,3.846,4.781,8.009,7.103,10.504,8.189,3.817,3.152,5.068
"Liver Tumor Tissue",7.611,3.842,3.87,3.679,5.568,4.989,3.934,4.272,3.848,4.048,4.199,3.925,9.798,4.731,3.582,4.289,10.526,3.456,3.883,3.623,6.802,3.432,4.048,9.087,5.141,3.788,3.667,4.226,4.085,5.569,4.123,5.105,7.311,4.807,3.516,5.761,12.562,6.459,5.239,6.821,3.302,4.302,4.696,3.601,3.71,3.939,4.733,5.622,4.161,12.48,4.171,9.053,3.861,5.395,4.465,3.306,3.597,5.225,4.208,3.736,11.904,5.885,4.112,3.452,4.073,6.489,5.121,7.782,3.748,4.523,8.983,5.422,4.234,4.101,5.236,4.424,5.24,5.604,3.318,3.737,4.111,3.552,3.841,6.757,6.523,7.535,3.881,4.92,6.67,6.342,3.409,4.702,6.334,5.153,10.871,5.685,4.776,3.971,4.47
"Liver Non-Tumor Tissue",6.867,6.001,3.927,3.285,5.038,5.408,3.866,4.835,3.112,4.417,3.555,3.419,8.553,4.546,3.497,4.064,10.09,5.135,4.343,3.242,7.251,3.459,3.367,8.543,7.853,3.248,3.434,3.799,3.297,5.286,3.433,4.962,7.208,3.794,3.579,6.517,13.009,7.972,5.269,7.874,3.918,3.504,3.981,3.443,3.267,3.335,4.251,4.478,3.839,12.562,5.374,7.73,5.1,4.931,4.133,3.234,4.957,4.487,3.251,3.385,12.59,6.003,4.442,3.97,5.118,7.087,3.935,8.085,4.044,4.17,10.759,5.015,3.458,5.851,7.266,4.019,6.228,5.985,3.18,3.607,3.986,3.227,4.23,7.775,6.495,7.538,3.532,3.637,6.413,5.789,4.086,4.54,7.081,6.049,9.984,6.182,4.829,3.689,4.205
NA,6.746,4.045,4.014,3.168,4.574,5.049,3.954,5.036,3.148,4.919,3.622,3.604,8.386,4.297,3.591,3.974,10.8,3.706,4.828,3.525,7.02,3.436,3.444,8.507,7.416,3.622,3.425,4.191,3.105,4.915,3.475,4.351,6.2,4.098,3.914,5.602,12.96,8.109,4.786,7.415,3.889,3.492,3.553,3.649,3.405,3.675,4.494,4.367,3.244,12.37,5.493,7.015,4.174,4.826,3.91,3.592,4.549,5.082,3.304,3.342,12.706,5.324,4.245,3.654,4.644,7.059,4.116,6.244,4.034,4.599,10.638,4.954,3.626,4.599,7.487,3.758,5.628,5.465,3.409,3.537,3.837,3.227,4.704,7.639,5.66,7.499,3.722,3.792,6.319,6.105,3.911,4.548,6.975,6.287,9.604,4.12,4.479,3.304,3.504
"Liver Non-Tumor Tissue",6.797,4.015,3.751,3.313,6.183,4.997,3.427,5.08,3.096,4.92,4.091,3.434,8.991,4.016,3.539,3.73,10.304,3.704,4.236,3.133,7.54,3.376,4.11,8.802,7.286,3.2,3.38,3.919,3.506,6.397,3.485,5.491,7.39,3.954,3.795,6.766,13.287,8.16,5.234,7.426,3.573,3.458,4.268,3.499,3.107,3.427,4.59,5.135,3.536,13.3,3.886,7.783,4.063,4.563,4.571,3.26,4.102,4.509,3.469,3.352,12.648,4.929,4.673,3.558,4.238,7.472,3.977,8.274,3.662,4.892,11.073,4.991,3.31,5.834,6.591,4.084,5.362,5.842,3.089,3.409,4.001,3.216,4.053,7.314,6.689,7.001,3.384,3.809,6.388,6.379,3.876,4.326,7.694,5.556,9.727,6.871,4.72,3.439,4.501
"Liver Non-Tumor Tissue",6.483,3.894,4.05,3.421,5.169,5.204,3.746,4.839,3.285,4.833,4,3.608,8.517,4.447,3.877,4.612,10.108,4.286,4.286,3.639,7.28,3.465,3.417,8.663,7.767,3.276,3.48,3.956,3.489,5.163,3.39,4.327,6.082,3.991,3.74,6.324,12.641,8.424,4.995,7.217,3.806,3.534,3.392,3.821,3.438,3.484,4.672,3.681,3.713,11.776,5.21,7.882,4.043,4.688,3.534,4.473,4.414,5.48,3.153,3.566,12.703,4.722,3.966,3.541,4.725,7.13,4.176,7.77,4.004,4.317,10.691,4.669,3.297,5.022,7.465,3.733,3.975,5.039,3.676,3.426,3.625,3.454,5.3,7.485,5.924,6.84,3.97,3.635,6.356,6.473,3.862,5.049,6.614,6.759,9.38,4.784,4.737,3.183,3.248
"Liver Non-Tumor Tissue",7.099,4.144,3.681,3.67,5.409,4.601,3.639,5.119,3.138,4.62,3.821,3.649,8.944,4.367,3.649,5.126,11.018,4.129,4.195,3.236,7.31,3.707,4.049,9.08,7.402,3.29,3.34,4.105,3.43,5.586,3.594,5.051,6.906,3.685,3.893,6.498,12.984,8.578,4.528,7.485,3.806,3.646,4.088,3.126,3.467,3.551,4.947,5.031,3.783,12.391,4.809,8.415,4.702,4.665,4.153,3.88,4.295,4.082,3.148,3.468,12.705,5.157,3.944,3.48,4.655,7.044,3.961,7.727,4.087,4.198,11.076,4.706,3.267,5.062,7.113,3.97,5.315,5.51,3.27,3.44,4.106,3.321,4.132,7.215,6.155,7.82,3.778,3.774,6.098,6.729,3.89,4.644,7.714,5.84,9.651,5.308,4.543,3.439,3.094
"Liver Tumor Tissue",7.333,3.386,3.855,3.3,8.765,5.696,3.688,4.467,3.029,4.536,3.844,3.701,8.731,4.029,3.422,4.386,6.887,4.605,3.748,3.368,6.767,3.398,3.404,8.721,6.747,3.855,3.278,3.796,3.765,5.009,3.354,6.419,8.696,3.513,4.334,6.863,12.993,8.357,5.749,6.5,3.753,3.476,3.886,3.289,3.287,3.507,4.006,4.628,3.293,12.306,4.497,6.026,4.957,4.565,3.743,3.414,4.736,4.257,3.129,3.934,12.412,5.976,4.029,3.746,4.933,8.308,5.366,10.243,3.714,4.653,11.222,4.394,3.299,4.735,6.001,5.963,6.543,6.154,3.337,3.378,4.821,3.114,4.942,8.631,6.977,7.038,3.754,3.641,6.684,6.414,3.901,3.971,7.382,5.052,10.043,9.51,4.571,3.033,3.093
"Liver Tumor Tissue",7.68,3.318,3.644,3.55,5.584,4.953,3.984,4.573,3.054,4.039,3.464,3.518,8.668,3.96,3.461,4.521,8.68,3.479,4.183,3.384,7.427,3.383,3.645,9.28,5.849,3.068,3.288,3.787,4.619,5.39,3.372,5.521,8.074,4.022,3.403,8.54,12.477,8.762,5.652,7.399,3.487,3.492,3.86,3.74,3.304,3.284,4.805,3.476,3.397,12.131,5.006,7.283,4.044,5.215,3.667,3.586,4.456,4.895,3.126,3.426,11.996,4.529,4.354,3.469,4.078,8.227,3.874,8.484,3.991,5.244,10.865,5.318,3.417,4.313,6.756,4.224,5.61,5.946,3.241,3.341,5.63,3.312,4.069,7.422,6.544,6.65,3.693,3.585,6.346,7.216,4.005,4.759,8.572,6.22,10.8,4.226,4.5,3.226,3.274
"Liver Tumor Tissue",7.175,3.4,3.45,3.387,4.759,5.265,3.383,3.813,3.323,4.302,4.058,3.266,9.508,4.072,3.695,4.181,8.212,3.894,3.62,3.543,6.624,3.158,3.446,8.002,6.159,3.637,4.271,3.611,4.019,5.33,3.334,6.05,8.55,3.448,3.662,7.067,12.334,7.135,5.404,8.218,3.159,3.21,4.95,3.652,3.347,3.186,3.719,4.43,4.026,11.377,4.723,5.614,4.501,4.167,4.644,3.35,4.444,4.429,3.392,3.44,12.065,5.494,3.628,3.352,4.165,7.574,4.252,8.788,3.991,4.287,10.734,4.928,3.384,5.006,6.027,4.152,5.631,6.221,3.5,3.893,3.734,3.367,4.228,7.552,6.692,6.634,3.76,3.841,6.039,7.3,3.7,4.592,7.995,5.783,10.217,6.422,4.428,3.384,3.054
"Liver Non-Tumor Tissue",6.649,3.875,4.01,3.652,5.619,5.291,3.303,5.237,3.185,4.171,3.585,3.983,7.839,4.463,3.562,3.935,10.567,4.112,3.978,3.535,6.831,3.537,3.882,8.238,7.938,3.604,3.404,3.924,3.553,5.775,3.536,5.255,6.79,3.821,4.209,6.704,13.113,8.172,5.041,8.342,4.447,3.277,3.81,3.649,3.466,3.797,5.039,4.857,3.548,13.035,5.123,6.999,4.669,4.629,3.798,3.653,5.252,4.926,3.221,3.374,12.665,5.821,4.194,3.624,4.348,7.166,4.139,8.713,4.033,4.832,10.176,4.884,4.343,5.419,6.832,3.781,6.091,6.092,3.685,3.46,4.155,3.491,5.311,7.277,6.567,7.652,4.258,3.864,6.669,5.677,4.096,4.487,6.906,5.781,9.955,5.185,4.693,3.818,3.399
"Liver Tumor Tissue",7.307,3.604,3.437,3.48,4.208,5.669,3.562,4.677,3.188,4.844,3.741,3.33,9.229,3.765,3.478,4.721,9.866,4.075,3.939,3.282,6.792,3.552,3.338,8.207,8.31,3.397,3.478,3.654,3.475,6.047,3.333,6.016,8.416,3.655,3.503,5.936,13.107,7.764,5.093,8.282,3.343,3.255,4.101,3.647,3.332,3.284,4.243,4.137,3.619,12.961,5.198,6.973,3.661,4.436,3.73,3.241,4.377,4.572,3.461,3.417,12.865,5.683,4.294,3.639,4.019,7.259,4.081,8.434,3.783,4.959,10.385,6.645,3.38,5.124,5.898,4.275,6.698,5.034,3.313,3.415,4.007,3.229,4.3,7.092,6.931,7.647,3.272,3.964,5.7,6.019,3.725,5.568,7.486,6.706,10.426,7.312,4.228,3.596,3.379
"Liver Non-Tumor Tissue",7.174,4.326,3.674,3.398,4.542,4.901,3.666,5.229,3.009,4.975,3.666,3.608,8.334,3.988,3.865,3.566,10.383,4.271,4,3.456,6.863,3.246,3.654,8.323,7.243,3.391,3.216,3.861,3.308,4.878,3.489,5.145,7.755,3.551,4.163,5.691,13.258,8.02,4.323,7.66,3.785,3.457,3.689,3.419,3.308,3.576,4.412,5.199,3.451,12.742,4.718,7.478,5.715,4.718,3.365,3.829,5.281,4.383,3.489,3.655,12.636,6.491,4.105,3.861,4.499,6.902,5.535,7.381,3.744,3.996,10.308,5.508,3.487,4.704,7.029,5.682,6.485,6.239,3.253,3.392,4.393,3.054,4.906,7.616,6.374,7.375,3.429,3.933,6.448,5.441,4.112,4.959,7.103,5.865,9.895,6.601,4.21,3.191,3.765
"Liver Non-Tumor Tissue",6.791,4.05,3.497,3.338,5.164,5.132,3.469,5.067,3.354,5.204,3.746,3.675,8.485,4.094,3.216,4.228,10.595,4.064,4.035,3.275,7.195,3.508,3.675,8.616,7.888,4.104,3.438,3.974,3.399,5.256,3.608,5.451,6.682,3.871,3.906,5.794,13.09,7.892,5.019,8.255,3.493,3.373,3.662,3.365,3.432,3.64,4.434,4.32,3.499,12.82,5.717,7.113,4.477,4.508,3.831,3.611,4.907,4.507,3.021,3.323,12.681,5.909,4.208,3.721,4.388,7.266,3.814,8.471,3.939,4.256,10.726,5.319,3.201,5.357,7.017,3.949,6.119,5.768,3.224,3.519,3.804,3.383,4.667,7.482,6.466,7.47,3.628,3.776,6.108,5.625,3.914,4.639,7.248,6.293,9.897,4.738,4.562,3.8,3.893
"Liver Tumor Tissue",6.652,3.675,3.817,3.661,4.716,5.994,3.762,4.877,3.249,4.389,4.361,3.224,8.94,3.834,3.447,4.12,9.17,3.928,4.227,3.501,6.38,3.575,3.533,8.563,5.938,3.536,3.359,3.863,3.275,6.46,3.524,5.038,7.299,3.836,3.711,6.178,12.956,7.84,4.602,7.412,3.198,3.41,3.843,3.788,3.288,3.659,4.295,3.958,4.123,9.329,4.767,5.564,4.545,4.443,3.828,3.663,4.268,5.227,3.408,4.067,13.078,5.951,4.454,7.296,4.31,8.058,6.002,8.054,3.696,4.436,10.619,5.777,3.927,3.853,6.941,4.496,5.026,5.416,3.516,3.338,4.395,3.171,4.809,8.614,7.224,7.338,3.618,3.648,5.931,6.925,3.793,5.45,7.47,5.95,9.91,3.953,4.283,3.352,3.237
"Liver Non-Tumor Tissue",5.967,3.552,4.091,3.334,4.699,5.194,4.667,5.062,3.44,4.959,3.661,3.678,7.518,4.317,3.464,4.709,9.654,3.965,4.612,3.539,6.444,3.327,3.145,7.89,7.463,4.406,3.823,4.269,3.422,5.411,3.227,4.127,5.092,4.05,3.931,5.106,13.086,7.189,5.239,6.664,3.842,3.335,3.959,3.857,3.271,3.492,3.909,4.377,3.398,12.35,5.344,6.879,5.096,4.726,3.581,3.578,4.643,5.574,3.356,3.514,12.815,5.352,3.873,3.489,4.454,6.771,4.246,7.817,4.081,4.611,10.509,4.639,3.71,5.302,7.295,4.223,4.24,5.38,4.034,3.639,3.628,3.508,5.01,7.867,6.263,6.172,4.008,3.92,6.374,5.35,4.64,5.31,6.395,5.989,9.736,3.862,5.209,3.318,3.125
"Liver Tumor Tissue",6.523,3.152,4.08,3.543,6.781,5.14,3.535,4.821,3.101,4.343,4.448,3.742,9.403,3.917,3.646,5.779,10.012,4.942,3.54,3.571,6.836,3.718,3.828,7.971,7.501,3.287,3.606,3.836,4.754,5.38,3.413,5.096,7.703,3.633,3.905,7.718,13.452,8.412,4.433,7.225,3.79,3.405,3.823,3.471,3.414,3.498,4.751,4.427,3.702,11.751,5.204,6.963,4.664,4.456,3.984,3.756,3.844,4.388,3.401,3.843,12.714,4.834,4.026,3.723,4.031,8.216,4.169,9.25,3.717,4.143,10.868,5.186,3.277,3.79,6.573,4.148,5.016,6.398,3.258,3.767,4.332,3.212,4.316,8.467,5.944,7.375,3.588,3.77,6.027,6.607,3.906,5.142,7.147,5.343,9.817,6.217,3.758,3.426,4.428
"Liver Tumor Tissue",8.274,3.293,4.081,3.305,4.251,4.906,3.721,4.557,3.05,3.804,3.817,3.56,9.105,3.805,3.764,5.132,10.043,3.913,3.859,3.429,7.046,3.336,3.408,8.925,4.95,3.232,3.404,3.945,3.284,4.917,3.246,5.114,8.831,3.866,3.874,5.565,13.151,9.106,4.689,7.256,3.889,3.288,3.948,3.744,3.32,3.457,4.187,4.706,3.575,10.771,6.225,5.353,4.786,4.469,4.1,3.59,4.228,4.473,3.112,3.333,12.378,5.711,3.608,5.382,4.294,7.236,4.439,8.201,3.559,4.795,10.554,5.156,3.648,3.824,6.62,5.896,4.741,7.006,3.26,3.336,4.04,3.231,4.495,8.177,6.634,7.318,3.525,3.979,6.802,6.499,4.052,4.095,7.507,6.648,10.14,4.71,3.95,3.205,3.115
"Liver Non-Tumor Tissue",6.692,3.903,3.866,3.418,5.276,4.931,3.743,5.15,3.086,4.911,3.771,3.787,8.878,4.477,3.473,3.866,10.094,3.856,4.593,3.269,7.258,3.317,3.631,8.456,7.04,3.458,3.819,4.222,3.62,5.17,3.547,5.134,7.226,3.77,4.072,6.547,13.168,8.318,4.935,7.378,3.586,3.522,3.888,3.625,3.33,3.433,4.703,4.498,3.985,12.682,4.759,6.891,4.168,4.733,4.07,3.441,4,4.426,3.118,3.486,12.651,5.221,4.242,4.929,4.479,7.072,4.042,7.964,4.34,4.672,10.683,5.135,3.414,5.045,6.299,4.424,5.744,5.82,3.458,3.387,3.798,3.039,4.69,7.149,6.415,7.652,3.608,3.771,6.247,6.488,3.942,4.727,7.415,5.845,9.794,5.957,4.579,3.282,3.574
"Liver Non-Tumor Tissue",6.991,4.124,3.676,3.596,4.556,5.19,3.928,5.383,3.017,4.948,3.879,3.68,8.527,4.28,3.692,4.46,10.758,3.99,4.076,3.355,7.471,3.287,3.54,8.635,7.002,3.608,3.523,3.676,3.246,5.056,3.538,4.919,6.691,4.021,3.92,6.611,13.109,8.43,4.634,7.247,3.638,3.5,3.679,3.686,3.502,3.607,4.512,4.655,3.603,12.943,5.022,7.956,4.322,4.89,3.53,3.82,4.338,4.616,3.192,3.493,12.785,5.605,4.003,3.976,4.005,6.753,4.713,7.374,3.982,4.075,10.665,4.986,3.383,4.239,7.44,4.085,5.17,5.366,3.395,3.231,4.129,3.242,4.448,7.265,6.49,7.475,3.717,3.928,6.282,6.218,3.991,4.446,7.093,6.116,9.577,4.644,4.255,3.541,3.394
"Liver Non-Tumor Tissue",7.101,5.27,3.453,3.371,4.672,4.892,3.418,4.494,3.109,4.74,3.65,3.461,9.254,3.643,3.659,4.092,10.079,4.591,3.57,3.331,7.427,3.495,3.434,8.74,7.365,3.557,3.534,3.575,3.395,5.219,3.331,5.679,7.504,3.397,3.346,7.152,13.157,8.033,4.869,8.073,3.033,3.405,3.871,3.397,3.204,3.484,3.843,4.934,3.504,12.526,4.995,8.046,4.475,4.009,3.986,3.465,4.63,4.133,3.084,3.347,12.394,5.503,4.348,5.272,4.475,7.211,4.211,7.787,3.554,4.283,10.911,4.778,3.324,6.012,6.839,4.158,6.063,6.136,3.263,3.397,3.853,3.2,4.264,7.377,6.669,7.516,3.478,3.708,6.554,6.628,3.282,4.847,7.548,5.681,9.889,6.329,4.849,3.55,4.271
"Liver Tumor Tissue",6.153,3.301,3.809,3.392,6.851,5.084,3.538,4.32,2.884,4.206,3.988,3.37,9.026,3.925,3.9,4.359,8.099,4.643,3.926,3.457,7.05,3.298,3.406,8.822,6.121,3.206,3.256,3.887,4.971,5.812,3.193,5.452,8.911,3.662,4.212,7.657,13.152,7.535,4.58,6.712,3.361,3.266,4.25,3.27,3.242,3.446,4.278,4.892,3.581,11.137,3.889,7.399,4.885,4.42,3.516,3.332,3.988,4.386,3.012,3.353,11.997,4.631,3.588,3.644,4.121,8.424,4.413,9.727,3.824,4.033,10.931,4.757,3.576,4.293,5.916,4.985,5.702,6.039,2.942,3.343,4.772,3.388,4.36,7.491,6.51,6.722,3.525,3.877,6.294,6.603,3.703,4.494,7.96,5.705,10.13,6.461,3.937,3.274,3.927
"Liver Non-Tumor Tissue",6.996,4.518,3.69,3.762,4.083,5.437,3.93,5.191,3.5,5.388,4.069,3.315,8.467,4.663,3.515,4.086,10.976,3.761,4.269,3.467,6.475,3.265,3.337,8.248,7.034,4.435,3.836,4.145,3.406,5.332,3.788,5.182,6.662,3.759,3.842,6.012,12.848,7.702,5.023,8.162,3.416,3.903,3.78,3.664,3.647,4.061,4.209,4.644,4.124,12.993,4.897,7.213,4.596,4.693,3.892,3.328,5.377,5.031,3.515,3.456,12.501,6.403,4.821,3.504,4.373,6.75,5.458,7.793,3.921,4.488,10.121,5.455,3.441,5.435,7.31,4.261,6.075,5.703,3.235,3.546,4.109,3.07,4.077,7.02,6.533,7.845,3.609,3.943,6.779,5.517,3.735,4.207,7.469,5.73,9.852,4.892,4.209,4.132,3.57
"Liver Tumor Tissue",8.145,3.193,3.57,3.58,5.057,5.736,3.61,4.539,3.044,4.482,4.493,3.262,9.95,4.045,3.513,4.859,9.799,3.808,3.836,3.174,7.01,3.328,3.722,9.593,7.828,3.142,3.587,3.699,3.795,6.231,3.297,7.313,9.015,3.796,3.508,6.688,13.134,7.924,5.826,7.414,3.398,3.5,4.194,3.48,3.417,3.283,4.534,3.899,3.455,11.053,4.931,8.388,3.781,4.488,3.528,3.511,4.612,4.787,3.419,3.477,12.223,5.513,3.819,3.33,4.079,7.664,4.183,8.511,4.283,4.295,11.303,5.759,3.402,5.168,7.51,4.745,6.716,4.553,3.181,3.343,4.611,3.297,4.233,7.956,7.524,8.511,3.54,5.429,6.434,6.339,3.698,5.583,7.076,6.275,10.344,6.174,5.077,3.33,3.268
"Liver Non-Tumor Tissue",7.009,4.05,3.648,3.497,5.214,5.654,3.509,5.134,3.314,5.225,3.929,3.872,8.526,4.346,3.743,3.935,10.631,3.971,4.498,3.565,7.028,3.945,3.586,8.132,7.518,3.495,3.508,4.297,3.083,5.018,3.568,4.965,6.669,3.655,4.526,5.371,13.093,8.061,4.045,7.885,4.149,3.52,3.445,3.57,3.35,4.184,4.473,3.872,3.78,12.827,4.317,7.736,4.624,4.618,3.475,3.733,4.874,4.968,3.507,3.875,12.649,5.807,4.302,4.268,5.038,6.897,4.234,7.099,3.872,4.324,10.323,5.234,3.631,4.236,6.907,4.054,5.256,5.355,3.66,3.403,4.289,3.168,4.763,7.258,6.403,7.722,3.6,3.977,5.361,5.916,4.323,4.474,6.96,6.128,9.83,4.151,5.041,3.872,3.55
"Liver Tumor Tissue",7.001,3.582,3.878,3.51,6.913,5.09,3.81,4.76,3.245,4.419,3.795,3.479,9.589,3.75,3.965,4.133,9.126,4.801,3.688,3.343,7.408,3.228,3.42,8.833,5.176,3.299,3.439,4.253,5.894,6.371,3.191,4.329,8.352,3.555,3.787,8.029,12.918,7.965,5.508,6.73,3.232,3.203,3.986,3.223,3.306,3.745,4.295,4.242,3.846,10.362,4.433,5.566,4.861,4.544,3.863,3.553,4.737,4.464,3.22,3.339,12.241,6.251,3.957,3.663,3.978,6.864,5.027,8.281,3.803,4.304,11.059,5.851,3.402,4.385,6.908,4.215,5.415,6.166,3.304,3.458,4.842,3.508,4.141,8.032,6.285,6.08,3.367,4.563,7.073,6.365,3.834,4.162,7.189,4.952,9.787,5.989,4.085,3.611,3.823
"Liver Tumor Tissue",6.638,3.406,3.697,3.668,4.618,4.96,3.693,4.34,3.082,4.712,3.891,3.395,9.489,3.876,3.504,8.024,8.673,3.726,3.953,3.195,6.851,3.38,3.592,9.226,7.467,3.077,3.362,3.87,3.317,6.254,3.38,6.455,8.385,3.773,3.558,6.35,13.008,7.902,5.063,7.404,3.349,3.52,4.203,3.269,3.329,3.272,4.891,4.637,3.34,11.69,4.83,6.208,4.223,4.91,3.64,3.513,4.002,4.274,3.306,3.465,12.851,4.691,4.091,3.456,4.026,7.374,3.936,9.345,3.64,4.202,11.46,5.676,3.367,6.661,5.92,3.879,5.21,5.369,3.324,3.196,4.04,3.141,4.253,7.661,6.171,7.783,3.409,4.115,5.788,6.847,3.91,6.15,7.959,7.04,10.317,7.575,5.191,3.245,2.963
"Liver Non-Tumor Tissue",7.275,4.281,3.331,4.44,4.946,4.242,3.415,4.652,4.337,5,5.71,3.613,8.36,4.139,3.679,4.371,10.565,3.463,4.272,3.683,5.53,3.635,3.774,7.511,4.396,5.462,3.561,4.432,3.23,4.384,4.047,4.968,5.148,3.896,3.873,5.148,13.111,7.544,4.428,5.89,4.481,3.177,3.679,3.48,3.363,3.761,4.851,3.464,4.194,12.458,5.233,5.661,4.133,4.582,3.959,3.666,4.285,4.666,3.461,3.929,12.536,4.254,3.737,4.351,4.241,6.452,5.203,5.502,4.651,4.114,10.492,5.028,3.611,4.934,6.059,3.778,4.386,4.082,3.996,5.673,3.712,3.581,5.454,6.455,6.526,4.636,3.853,4.21,5.219,6.188,4.506,4.018,5.208,5.35,8.985,3.83,5.198,3.539,3.532
"Liver Non-Tumor Tissue",6.169,3.635,4.049,3.725,4.645,4.986,4.144,5.278,3.341,5.28,3.928,3.635,7.433,4.878,3.67,4.132,9.223,4.941,4.15,3.467,5.999,3.946,3.679,7.35,7.764,3.652,3.327,4.019,3.622,4.852,3.591,4.497,7.232,3.532,5.299,5.136,12.824,6.409,4.264,7.4,4.679,3.682,3.923,3.551,3.493,3.709,5.196,4.28,3.52,12.162,4.425,5.987,7,4.637,3.553,4.203,6.299,4.867,3.404,3.656,12.547,7.489,3.836,3.608,4.788,6.19,7.175,7.783,4.346,4.307,10.343,5.134,3.57,4.822,6.7,4.931,7.514,5.824,4.054,3.466,4.687,3.626,5.498,8.309,6.166,7.41,4.499,4.2,5.701,4.404,4.359,5.221,6.819,5.383,9.601,4.453,4.307,3.233,3.089
"Liver Non-Tumor Tissue",7.053,4.468,3.569,3.531,4.422,5.059,3.949,4.871,3.022,4.985,3.781,3.926,8.007,3.978,3.828,4.174,10.609,4.055,3.972,3.341,6.721,3.493,3.69,8.599,7.529,3.613,3.534,4.696,3.388,4.75,3.408,5.538,7.161,4.178,4.068,5.43,13.148,7.779,4.341,7.461,4.404,3.671,3.771,3.819,3.267,3.35,4.494,4.798,3.712,12.689,4.943,8.481,5.55,4.532,3.465,3.916,5.585,4.556,3.386,3.495,12.474,6.899,3.989,4.047,4.703,6.505,6.147,7.32,4.159,4.281,10.559,4.844,3.484,4.239,7.415,5.654,5.973,5.344,3.367,3.813,4.216,3.395,5.183,7.116,6.51,7.988,3.522,3.686,6.727,5.808,4.298,4.676,6.986,6.703,9.783,5.31,4.44,3.229,3.638
"Liver Non-Tumor Tissue",7.228,3.817,3.57,3.459,4.824,5.367,3.885,4.812,3.1,5.306,3.96,3.596,8.529,4.097,3.412,4.118,10.377,3.934,4.064,3.076,7.206,3.39,3.673,8.921,6.887,4.184,3.631,4.069,3.327,5.147,3.433,5.584,7.005,3.815,4.1,5.773,12.958,8.108,4.664,7.468,3.455,3.216,3.774,3.682,3.417,3.618,4.478,4.38,3.605,12.907,4.425,7.496,4.017,4.452,3.523,3.898,5.113,4.841,3.314,3.539,12.821,6.469,4.292,3.715,4.329,7.843,5.181,8.134,3.846,4.197,10.833,5.172,3.515,5.486,6.981,4.009,5.249,5.266,3.531,3.415,4.376,3.319,4.64,7.22,6.838,7.537,3.451,3.817,6.137,5.863,4.093,4.713,7.478,6.359,9.72,4.371,4.888,3.512,3.728
"Liver Tumor Tissue",7.239,3.247,3.998,3.5,5.453,5.643,4.071,4.456,3.193,4.595,3.962,3.478,8.925,4.841,4.068,4.173,8.247,4.338,4.515,3.255,6.957,3.145,3.344,8.52,6.623,3.402,3.601,4.206,6.284,5.92,3.206,4.197,7.804,3.936,4.084,6.756,12.89,7.346,5.225,6.75,4.013,3.346,3.647,3.299,3.789,3.288,4.132,3.816,3.385,11.259,4.385,5.375,4.039,5.065,3.298,3.96,4.228,5.311,2.958,3.417,12.71,4.288,3.831,3.368,3.802,7.176,4.002,9.165,4.091,5.083,11.03,4.663,3.44,5.861,6.461,3.724,5.296,5.643,3.696,3.562,4.145,3.147,4.628,7.578,6.038,6.332,3.601,4.165,5.817,6.72,3.986,5.756,7.222,5.948,10.158,4.409,5.022,3.298,3.43
"Liver Tumor Tissue",6.875,5.044,3.647,3.686,5.985,4.964,3.513,4.95,2.943,4.239,4.17,3.416,9.426,4.208,3.737,5.261,10.11,3.711,3.914,3.3,6.724,3.378,3.677,8.925,6.874,3.139,3.586,3.72,4.501,5.408,3.207,6.33,8.564,3.576,3.675,6.497,13.279,8.437,4.748,7.173,3.369,3.319,4.031,3.411,3.093,3.159,4.827,3.984,3.489,11.925,3.814,8.655,3.926,4.998,3.508,3.552,3.787,4.263,3.171,3.374,12.874,4.683,3.527,3.294,5.053,7.139,3.806,8.871,3.769,4.033,11.093,4.872,4.231,3.898,6.653,3.934,5.173,4.679,3.555,3.143,4.129,3.134,4.148,7.238,5.99,7.927,3.417,3.947,6.549,5.927,3.913,4,6.95,6.846,9.076,5.596,3.92,3.294,3.237
"Liver Tumor Tissue",6.433,3.185,3.946,3.602,6.733,4.731,3.396,4.434,3.316,4.115,4.188,3.871,8.432,4.078,3.65,7.757,7.302,4.132,3.662,3.686,7.073,3.549,3.791,9.346,7.954,3.155,3.505,3.783,4.138,5.393,3.255,7.744,8.566,3.395,3.87,6.868,13.311,8.872,5.694,6.05,3.468,3.417,3.889,3.859,3.286,3.638,4.733,4.088,3.577,11.82,3.793,6.206,3.947,4.756,3.441,3.648,3.688,4.139,3.267,3.589,11.891,5.119,3.799,3.401,5.434,7.816,4.241,9.604,3.821,4.381,11.159,5.132,3.395,3.746,5.667,4.241,5.71,5.518,3.272,3.293,4.06,3.286,4.52,8.103,6.482,6.461,3.491,4.397,6.78,6.965,3.879,4.388,7.655,6.803,10.165,9.599,4.457,3.235,3.056
"Liver Non-Tumor Tissue",6.983,3.816,3.43,3.774,4.649,5.257,3.566,5.049,3.223,4.477,4.011,3.464,8.69,4.128,3.586,4.086,10.513,3.441,3.732,3.385,6.861,3.644,3.442,8.545,8.135,3.665,3.798,4.15,3.08,4.847,3.427,5.751,6.661,3.418,4.014,6.331,13.172,8.196,4.156,8.291,3.431,3.574,3.577,3.287,3.461,3.33,4.703,4.328,3.783,12.479,5.13,7.394,3.95,4.486,3.726,3.69,4.62,4.405,3.371,3.515,12.671,5.782,4.106,5.349,5.238,7.183,4.239,8.001,3.747,4.766,10.774,4.229,3.429,4.15,7.81,4.262,5.232,5.541,3.357,3.654,3.795,3.184,4.745,7.261,6.872,7.487,3.642,4.063,5.962,6.286,3.608,4.676,7.705,6.693,9.647,4.895,4.472,3.605,3.046
"Liver Non-Tumor Tissue",5.551,3.457,4.6,3.696,4.814,4.732,3.789,4.506,3.592,5.527,3.991,3.95,6.726,4.224,3.896,4.226,9.344,4.627,4.23,4.014,6.626,3.386,3.43,7.33,6.644,5.148,3.471,4.142,3.764,4.296,3.549,4.478,5.295,4.177,4.98,4.762,12.992,7.724,4.354,6.674,4.492,3.445,3.664,4.159,3.662,4.115,4.402,4.246,3.346,12.325,5.284,6.401,4.89,4.314,3.409,4.63,5.249,5.31,2.998,3.443,12.537,5.198,4.16,4.199,4.712,6.557,4.374,7.262,3.767,4.297,10.031,4.33,3.861,5.244,7.022,3.524,4.356,4.422,4.262,3.837,4.238,3.437,5.983,7.58,6.535,6.67,4.579,3.636,5.429,5.137,4.522,4.809,5.647,5.379,9.19,4.124,5.141,3.052,3.612
"Liver Non-Tumor Tissue",6.477,3.308,3.588,3.559,4.42,5.556,4.032,5.006,3.315,5.466,4.045,3.542,8.857,4.168,3.693,4.353,10.277,4.084,4.49,3.438,7.04,3.325,3.368,8.694,7.65,4.265,3.633,4.024,3.32,5.243,3.414,5.234,5.972,4.284,3.725,6.232,12.717,8.137,4.581,7.49,4.185,3.541,3.488,3.697,3.212,3.547,4.946,4.085,3.383,12.013,5.81,7.076,4.191,4.474,3.362,4.649,4.381,5.38,3.071,3.451,12.756,5.315,4.309,3.693,4.95,7.482,4.308,7.724,4.055,4.671,10.968,5.293,3.671,4.333,7.62,4.233,4.404,4.771,3.401,3.515,3.872,3.259,5.663,8.049,6.112,6.082,3.833,4.073,6.227,6.514,4.062,5.005,6.945,6.988,9.473,4.248,5.172,3.267,4.104
"Liver Non-Tumor Tissue",6.856,4.391,3.774,3.446,5.216,5.068,3.909,4.49,3.306,5.162,3.706,3.848,8.502,4.284,3.731,3.853,10.444,4.363,4.06,3.334,7.032,3.589,3.74,8.509,7.613,3.589,3.603,4.501,3.232,5.463,4.067,5.496,6.769,3.692,3.933,5.654,13.046,8.194,4.243,7.789,3.862,3.38,3.58,3.544,3.497,3.414,4.491,4.682,3.646,12.718,5.063,7.722,4.492,4.488,3.92,4.116,4.382,4.318,3.244,3.41,12.712,5.885,4.227,3.572,4.24,6.91,4.471,6.382,3.966,4.297,10.692,5.021,3.394,5.426,7.217,4.172,5.756,5.637,3.458,3.469,4.143,3.252,4.372,7.585,6.51,7.346,3.477,3.683,6.423,6.173,3.927,4.796,7.44,5.611,9.601,5.539,4.573,4.214,3.702
"Liver Non-Tumor Tissue",6.98,3.71,3.839,3.387,4.796,5.745,3.814,4.82,3.077,4.806,3.769,3.587,8.294,4.5,3.893,4.228,10.669,3.541,4.761,3.486,6.763,3.341,3.512,8.351,7.659,3.84,3.845,4.215,3.29,5.205,3.412,5.076,6.593,3.961,4.441,5.934,13.036,7.856,4.729,7.967,4.103,3.308,3.421,3.377,3.445,3.579,4.624,4.679,3.799,12.473,4.959,6.923,4.777,4.811,3.612,3.661,5.26,4.887,3.23,3.289,12.785,6.24,3.941,3.759,4.762,7.011,3.982,7.462,4.094,4.319,10.736,5.118,3.809,4.224,7.431,4.239,6.026,5.685,3.667,3.605,3.97,3.125,4.335,7.152,6.277,7.665,3.667,3.805,6.313,5.789,4.093,4.457,7.453,5.958,9.575,4.364,4.539,3.491,3.646
"Liver Non-Tumor Tissue",5.962,3.844,3.896,3.67,4.744,5.226,4.278,5.106,3.311,5.27,4.038,3.834,8.037,4.295,3.771,4.853,10.042,4.437,3.906,3.276,6.043,3.421,3.677,7.879,7.117,5.913,3.567,4.384,3.334,5.394,3.666,5.458,6.021,3.845,4.179,5.264,12.792,7.245,4.568,8.007,4.424,3.414,3.58,3.891,3.251,4.217,4.146,3.926,3.819,12.474,4.246,6.431,4.658,4.277,3.449,3.937,5.38,4.636,3.213,3.508,12.643,6.666,4.359,4.449,4.455,6.479,5.976,7.078,4.043,4.487,10.121,4.799,3.484,4.669,6.836,4.23,5.749,4.795,3.881,3.471,4.34,3.611,4.638,7.348,7.16,7.23,3.855,3.853,6.126,5.213,4.427,5.331,5.856,5.9,9.769,4.498,4.336,3.851,3.29
"Liver Non-Tumor Tissue",7.014,5.617,3.591,3.597,4.896,5.723,4.084,5.297,3.083,4.923,4.54,3.387,8.605,4.05,3.7,3.901,10.408,4.435,4.874,3.405,6.961,3.474,3.447,8.576,6.857,3.774,3.771,3.634,3.69,5.359,3.521,5.236,6.448,4.413,3.697,6.355,13.13,8.108,4.986,7.626,3.354,3.461,3.724,3.769,3.553,3.543,4.736,3.992,3.868,12.787,4.523,8.244,4.166,4.546,3.696,3.529,4.18,5.4,3.378,3.791,12.724,5.73,4.18,4.179,4.105,6.792,6.784,7.073,3.742,4.453,10.482,4.867,3.514,5.93,6.804,4.693,5.707,4.986,3.363,3.38,4.397,3.269,4.664,7.375,6.304,7.074,3.559,3.657,6.475,6.595,3.838,4.526,6.94,6.279,9.855,4.939,4.888,3.835,3.828
"Liver Non-Tumor Tissue",6.76,3.283,3.532,3.781,5.058,4.646,3.458,5.344,3.045,5.526,3.502,3.563,9.027,3.866,3.654,4.035,10.69,3.885,3.621,3.272,7.234,3.465,3.915,9.226,6.87,3.205,3.341,3.984,3.281,5.118,3.441,4.928,6.634,3.765,3.779,6.001,12.905,7.975,4.259,6.998,4.072,3.442,4.17,3.284,3.289,3.508,4.766,4.618,3.365,12.347,4.242,8.469,4.801,4.849,3.883,3.888,4.116,4.183,3.2,3.381,12.647,4.825,3.842,3.421,3.932,6.766,4.711,7.021,3.796,4.343,10.975,4.711,3.278,4.87,7.179,5.065,4.761,5.16,3.512,3.37,4.132,3.605,4.195,7.42,6.071,7.36,3.802,3.656,6.181,6.759,4.127,4.684,7.533,6.043,9.61,5.162,4.081,3.222,3.289
"Liver Non-Tumor Tissue",7.04,4.144,3.638,3.386,5.44,5.326,3.482,4.749,2.976,4.261,3.913,3.633,8.669,4.082,3.645,3.657,9.778,4.104,3.628,3.129,7.631,3.286,3.644,8.955,7.491,3.196,3.336,3.672,3.31,5.582,3.554,5.952,7.801,3.573,3.345,5.978,12.921,8.015,5.924,7.91,3.606,3.284,4.025,3.234,3.322,3.12,4.59,4.37,3.561,12.404,4.643,7.16,3.995,4.861,4.14,3.478,4.529,4.16,2.9,3.258,12.628,5.525,4.552,3.289,4.891,7.348,3.503,8.69,3.603,4.034,11.184,5.561,3.325,6.426,6.412,4.075,6.038,5.536,3.194,3.289,3.823,3.294,4.11,7.406,6.668,7.065,3.585,3.893,6.661,6.43,3.777,5.306,7.88,6.232,9.905,6.08,4.266,3.386,4.478
"Liver Tumor Tissue",7.44,3.098,3.923,3.49,4.964,5.37,3.418,4.505,3.034,4.038,4.069,3.345,9.531,5.289,3.657,4.298,9.769,3.666,3.703,3.224,6.741,3.196,3.497,7.199,7.044,3.015,3.544,3.902,4.712,7.301,3.384,5.08,8.5,3.908,3.563,6.34,13.251,8.695,4.522,7.633,3.374,3.387,4.746,3.265,3.062,3.309,4.113,5.1,3.366,12.098,5.315,5.516,3.887,4.45,3.795,3.267,3.886,4.194,3.277,3.225,12.877,4.684,3.713,3.558,4.383,6.889,3.742,9.621,3.756,4.765,10.275,5.434,3.421,4.404,6.744,3.904,4.738,5.578,3.233,3.321,4.197,3.067,3.832,6.982,6.714,7.587,3.313,4.458,6.032,6.979,3.63,3.997,6.939,5.957,10.079,6.989,4.276,3.361,4.843
"Liver Tumor Tissue",5.36,3.378,3.57,3.768,6.627,5.531,3.797,4.914,3.303,4.44,4.276,3.417,9.352,4.179,3.369,4.479,8.804,4.843,4.149,3.356,7.206,3.287,3.561,8.161,6.552,3.489,3.611,4.197,5.97,5.497,3.233,5.901,7.908,3.936,3.471,6.121,12.889,7.894,4.8,6.996,3.543,3.289,4.124,3.449,3.38,3.578,4.356,3.603,3.943,13.494,5.41,7.266,4.014,4.806,3.468,3.6,4.349,4.832,3.223,3.457,12.407,5.116,3.935,3.418,3.992,7.593,5.251,9.534,3.797,5.601,9.71,5.425,3.593,4.047,6.326,4.065,5.839,5.875,3.299,3.364,4.818,3.215,4.776,7.244,6.849,6.417,3.706,3.883,6.846,6.198,3.667,4.551,6.966,6.149,10.172,3.892,4.442,3.516,3.066
"Liver Tumor Tissue",6.366,3.742,3.554,3.695,4.408,5.448,4.023,4.507,3.206,4.163,3.863,3.245,9.065,3.939,3.967,5.501,7.164,4.728,3.506,3.313,8.052,3.429,3.796,9.619,4.512,3.54,3.827,3.96,5.369,4.925,3.207,4.881,9.241,3.502,3.481,4.636,11.306,8.512,7.031,7.77,3.481,3.302,4.453,3.799,3.373,3.329,4.433,5.048,3.793,8.964,6.315,5.596,4.797,4.405,3.817,3.719,4.281,4.639,3.289,3.757,9.915,6.5,3.757,3.772,4.642,7.344,4.605,8.142,3.914,4.255,10.911,5.159,3.343,4.313,5.398,5.34,5.491,6.164,3.303,3.594,4.898,3.536,4.984,7.211,7.638,7.268,3.51,3.757,7.063,6.863,3.811,4.476,7.606,4.731,10.708,6.399,4.28,3.384,3.394
"Liver Non-Tumor Tissue",7.15,4.485,3.763,3.383,4.77,5.371,3.496,5.015,3.168,4.377,3.731,3.663,8.878,4.101,3.494,3.895,10.403,4.079,4.106,3.507,7.254,3.327,3.338,8.383,7.672,3.816,3.425,3.785,3.253,5.233,3.46,5.375,6.788,3.953,3.684,7.05,12.98,8.29,5.052,7.866,3.592,3.482,3.758,3.579,3.269,3.497,4.945,4.155,3.445,12.923,4.824,6.859,4.295,4.696,3.869,3.69,4.647,4.644,3.061,3.496,12.781,5.459,4.356,3.73,4.064,6.741,5.375,8.175,3.603,4.129,10.675,4.963,3.307,4.834,6.733,3.817,5.248,5.557,3.424,3.398,3.928,3.16,4.854,7.586,6.323,7.328,3.855,3.656,5.836,6.411,3.92,4.365,7.253,6.266,9.732,4.591,3.777,3.188,3.903
"Liver Non-Tumor Tissue",6.495,3.632,3.789,3.26,4.279,5.159,3.542,5.297,3.12,5.313,4.444,4.114,8.051,3.586,3.791,4.444,10.242,4.041,4.369,3.943,6.561,3.887,3.911,8.031,6.83,4.207,3.713,3.954,3.352,4.981,3.763,4.73,6.755,4.258,3.653,6.038,13.081,7.278,4.791,7.455,3.913,3.893,3.872,3.638,3.371,3.572,4.63,4.345,3.976,12.376,4.878,8.002,5.021,4.918,3.74,3.508,5.368,4.594,3.634,3.61,12.644,6.904,3.986,4.385,4.674,6.495,5.443,7.051,3.993,3.975,10.622,5.531,3.792,5.089,7.76,4.571,5.633,5.588,3.4,3.605,3.756,3.326,4.849,7.25,5.973,7.757,3.61,4.073,6.343,5.501,4.289,5.076,7.851,6.002,9.391,4.653,4.593,3.688,3.258
"Liver Tumor Tissue",7.653,3.408,3.554,3.426,6.162,4.919,3.765,5.247,3.089,4.736,4.224,3.463,8.865,4.653,3.333,7.239,9.9,3.479,4.055,3.539,7.351,3.726,3.619,9.236,5.649,3.216,3.625,3.58,3.312,6.156,3.507,5.821,8.525,3.744,3.551,7.119,13.254,8.571,6.046,6.618,3.243,3.534,4.16,3.582,3.376,3.392,4.713,4.278,3.677,10.896,5.201,6.626,3.916,4.848,3.796,3.377,3.622,4.939,3.397,3.556,12.739,4.478,3.929,6.288,4.932,7.281,3.975,6.972,3.797,4.435,11.128,5.012,3.589,3.64,6.351,4.264,4.621,5.485,3.322,3.355,4.516,3.292,4.195,8.084,6.164,6.869,3.233,3.753,6.356,7.462,3.639,4.764,7.677,5.525,9.537,6.009,3.879,3.485,3.937
"Liver Non-Tumor Tissue",7.181,3.931,3.276,3.484,4.732,4.92,3.667,4.318,3.579,4.851,3.771,3.505,8.834,4.327,3.504,3.833,10.741,3.576,3.766,3.488,6.761,3.425,3.343,8.489,7.303,3.746,3.91,3.788,3.237,4.431,3.185,5.406,6.348,3.642,3.38,6.338,13.195,8.381,4.004,7.572,3.519,3.502,3.706,3.687,3.685,3.363,3.944,4.218,3.682,12.495,5.504,8.401,4.025,4.249,3.664,3.658,4.746,4.433,2.992,3.656,12.668,6.085,4.357,3.448,4.524,6.908,4.514,7.382,4.176,4.4,10.602,5.054,3.315,4.968,7.619,3.851,5.374,5.176,3.392,3.66,3.673,3.49,3.968,6.391,6.563,7.317,3.969,3.764,5.877,5.87,3.851,4.486,7.997,6.248,9.521,4.85,4.406,3.515,3.697
"Liver Tumor Tissue",7.521,3.184,3.896,3.435,4.461,5.395,3.451,4.727,3.129,4.452,3.705,3.47,8.497,3.968,3.711,6.458,9.943,3.969,3.765,3.411,7.062,3.348,3.497,8.589,8.186,3.052,3.361,3.884,3.712,4.931,3.173,6.675,8.059,3.444,3.765,6.212,12.992,7.841,5.221,7.885,3.479,3.466,3.83,3.377,3.28,3.596,4.528,4.756,3.597,10.248,5.623,6.526,4.063,4.216,3.359,3.496,5.481,4.257,3.237,3.802,12.672,6.41,3.797,3.325,5.943,7.678,4.075,9.222,3.432,4.333,11.144,6.055,3.24,5.172,6.796,4.716,6.119,5.427,3.255,3.396,4.115,3.223,4.493,8.129,6.55,7.657,3.356,3.765,6.622,5.829,3.954,5.76,7.622,8.394,10.246,6.193,4.65,3.155,3.313
"Liver Tumor Tissue",6.569,3.362,3.512,3.328,5.393,5.627,3.756,4.515,2.99,4.322,3.772,3.217,9.755,4.243,3.6,5.209,8.43,3.808,3.719,3.348,7.194,3.472,3.629,8.646,5.927,3.247,3.582,3.885,5.295,5.012,3.357,5.459,7.644,3.961,3.478,6.186,12.832,8.469,4.781,7.546,3.342,3.199,4.064,3.487,3.236,3.072,4.472,3.571,3.66,12.486,4.969,7.55,4.83,4.508,4.147,3.481,4.262,4.707,3.274,3.238,12.602,6.537,3.878,3.603,4.53,8.184,3.843,9.145,4.23,4.476,10.859,5.319,3.487,5.302,6.238,4.255,7.44,6.332,3.436,3.305,3.999,3.002,4.283,7.945,6.514,7.432,3.554,4.885,6.799,5.498,3.823,4.564,6.42,7.021,10.199,6.884,4.121,3.419,3.031
"Liver Tumor Tissue",7.086,7.035,3.473,3.518,5.899,4.826,3.746,4.778,3.072,4.29,3.769,3.43,8.594,4.056,4.168,3.59,9.062,4.54,4.206,3.393,7.427,3.25,3.312,8.538,4.721,3.491,3.471,4.005,3.973,5.583,3.418,5.845,9.204,3.511,3.842,7.739,13.006,8.685,4.443,7.185,3.456,3.353,4.13,3.534,3.276,3.639,4.215,6.052,3.864,12.259,4.315,6.985,4.733,4.771,3.392,3.662,3.777,4.541,3.032,4.075,11.459,4.589,4.032,3.443,4.127,7.471,4.423,7.587,3.747,4.671,10.738,5.248,3.374,3.965,5.718,4.958,4.971,6.567,3.703,3.309,4.71,3.088,4.518,7.454,6.199,6.445,3.63,3.913,6.673,6.555,4.322,4.425,7.824,5.578,10.567,4.386,4.311,3.388,3.513
"Liver Tumor Tissue",7.07,3.186,3.761,3.272,5.33,5.082,3.412,4.005,2.89,4.398,3.667,3.381,9.507,3.938,3.512,5.27,8.933,3.944,3.727,3.184,7.157,3.449,3.398,8.977,7.712,3.133,3.558,3.718,3.846,5.12,3.09,5.958,8.36,3.565,3.601,6.18,13.023,8.59,5.549,7.604,3.299,3.277,4.525,3.308,3.2,3.268,4.222,3.651,3.299,12.201,4.163,7.094,4.185,4.749,3.873,3.113,4.431,4.383,3.125,3.222,12.592,5.659,4.149,3.479,4.888,6.985,3.5,9.281,3.616,4.199,11.273,5.494,3.449,5.28,6.156,3.901,5.713,5.52,3.307,3.331,3.656,3.085,4.17,7.592,6.277,7.353,3.526,3.87,6.732,6.715,3.613,5.211,7.647,7.047,10.313,7.577,4.528,3.281,4.724
"Liver Non-Tumor Tissue",6.761,4.138,3.865,3.269,4.89,5.231,3.687,5.654,3.073,5.073,3.629,4.024,8.467,3.973,3.49,4.155,10.386,4.12,3.82,3.425,7.134,3.59,4.198,8.253,7.446,3.415,3.969,4.637,3.454,4.698,3.45,5.282,6.878,3.626,3.855,6.587,13.09,8.116,4.48,7.778,3.748,3.691,3.671,3.932,3.534,3.352,5.291,4.309,3.377,12.745,4.702,7.743,4.647,4.739,4.163,3.818,4.639,4.729,3.255,3.785,12.585,5.907,4.206,3.621,4.91,6.925,4.463,7.722,3.863,4.407,10.475,5.303,3.424,4.721,7.207,4.554,5.379,5.615,3.519,3.41,3.975,3.375,4.407,7.462,6.422,7.625,3.657,3.894,6.495,6.037,4.788,4.731,7.065,5.466,9.665,5.494,4.667,3.703,3.699
"Liver Tumor Tissue",6.78,3.109,3.683,3.428,5.74,5.664,3.885,4.459,3.254,4.523,3.986,3.507,8.851,4.662,3.768,4.31,8.88,9.126,4.187,3.426,7.691,3.057,3.027,8.121,5.145,3.042,3.401,3.859,6.676,5.393,3.344,4.849,7.865,3.854,3.48,6.876,13.118,7.326,4.476,7.053,3.444,3.217,3.974,3.637,3.301,3.277,4.351,4.138,3.304,11.729,4.294,6.965,4.131,4.691,3.421,3.533,4.08,4.981,3.083,3.671,12.526,4.631,3.902,3.435,4.773,8.189,3.919,8.109,3.889,4.73,10.513,4.445,3.324,4.115,6.415,3.83,5.522,5.951,3.332,3.42,4.232,3.289,5.023,8.294,6.289,6.497,3.544,3.87,6.07,6.801,3.918,4.471,7.257,5.844,10.394,4.236,4.297,3.481,3.366
"Liver Non-Tumor Tissue",6.655,4.57,3.924,3.609,4.65,4.905,3.812,5.218,3.184,5.028,4.043,3.657,8.972,4.154,3.642,4.082,10.686,3.849,4.553,3.252,7.201,3.402,3.469,8.497,6.76,3.896,3.598,4.041,3.263,5.259,3.412,5.018,7.031,3.87,3.782,6.996,13.266,8.526,4.471,7.305,3.659,3.517,4.002,3.685,3.416,3.669,4.709,4.186,3.828,12.659,5.328,7.759,4.187,4.509,3.72,3.693,4.557,4.613,3.268,3.58,12.669,6.282,3.932,5.126,4.338,6.722,4.638,6.8,3.82,4.267,10.767,5.059,3.484,4.504,7.234,4.225,4.395,5.379,3.479,3.502,4.06,3.089,4.698,7.241,6.375,7.307,3.463,3.695,6.032,6.518,3.861,4.867,7.139,6.548,9.592,5.739,4.6,3.458,3.63
"Liver Tumor Tissue",7.18,3.179,3.331,3.588,5.164,5,3.091,4.045,3.166,3.905,4.18,3.406,8.154,3.98,3.525,3.841,7.581,5.292,3.902,3.282,6.135,3.581,3.344,8.402,7.308,3.424,3.567,3.706,3.955,5.646,3.112,7.322,8.147,3.439,3.916,7.173,13.311,8.299,6.549,7.916,3.533,3.579,3.76,3.279,3.461,3.664,3.964,4.147,4.057,10.458,4.268,4.661,4.207,4.218,3.652,3.53,4.738,4.296,3.605,3.825,11.437,5.85,3.51,3.775,4.655,7.789,4.226,9.988,4.094,4.292,11.43,5.315,3.384,4.033,6.022,4.04,6.723,6.788,3.522,3.601,3.581,3.047,4.242,8.259,7.18,6.225,3.505,4.216,5.74,5.986,3.586,4.766,7.506,6.552,10.185,4.674,4.803,3.407,3.657
NA,7.419,3.176,3.384,3.377,5.125,5.092,3.508,4.646,3.107,4.165,3.652,3.251,8.974,3.795,3.546,6.325,9.309,3.853,3.509,3.263,6.978,3.191,3.339,9.369,4.416,3.176,3.268,3.686,6.478,5.595,3.318,5.106,8.843,3.388,3.84,6.25,12.773,8.419,4.979,6.883,3.131,3.175,3.99,3.189,3.237,3.303,4.191,5.422,3.574,12.029,5.494,6.326,4.117,4.596,4.588,3.524,4.297,4.314,3.129,3.213,12.721,4.854,3.979,3.437,4.304,7.29,4.344,8.986,3.639,4.273,11.106,4.883,3.611,4.567,7.939,5.105,5.368,6.46,3.308,3.097,3.998,3.352,3.945,8.111,6.849,7.203,3.274,3.713,6.656,6.092,3.782,3.923,7.728,6.016,10.006,4.645,4.302,3.139,3.325
"Liver Tumor Tissue",6.593,3.418,3.92,3.678,4.766,4.888,4.033,4.997,3.071,4.365,3.695,4.111,8.101,4.554,3.695,3.865,10.685,4.173,4.091,3.288,7.085,3.105,3.583,7.744,7.472,3.443,3.695,4.351,3.476,5.078,3.432,5.018,7.053,4.077,3.796,5.673,12.655,7.409,5.051,7.599,3.771,3.347,3.904,3.583,3.374,3.443,4.856,4.159,3.548,12.467,4.06,8.536,5.243,4.336,3.652,3.748,5.084,4.675,3.114,3.287,12.696,5.729,4.555,3.554,4.824,7.079,3.995,7.568,3.689,4.253,9.95,5.522,3.158,5.469,6.915,4.494,5.846,5.751,3.621,3.388,3.656,3.312,4.407,7.678,6.292,7.049,3.669,3.522,6.523,5.004,4.069,4.719,6.611,5.844,9.941,5.088,4.598,3.413,3.485
"Liver Non-Tumor Tissue",6.748,4.339,3.554,3.433,4.76,4.698,3.9,5.541,3.696,4.325,3.92,3.405,8.338,4.38,3.698,3.859,10.606,4.157,4.596,3.448,6.616,3.976,3.616,8.636,6.609,3.643,3.52,3.928,3.189,4.711,3.434,4.242,6.501,4.042,3.713,4.866,13.037,7.791,5.118,7.027,3.458,3.334,4.168,3.199,3.36,3.772,4.697,4.443,3.774,12.607,5.489,8.317,4.814,5.08,3.622,3.422,5.203,4.676,3.259,3.791,12.449,6.333,4.218,4.076,4.621,6.736,6.829,7.437,3.539,4.526,10.258,4.736,3.658,5.124,6.646,4.128,5.775,5.08,3.476,3.601,3.965,3.253,5.011,6.761,6.62,7.316,3.572,3.696,6.701,5.64,3.544,4.948,7.277,5.927,9.754,4.336,4.909,3.258,3.802
"Liver Non-Tumor Tissue",7.312,5.503,3.765,3.483,4.776,4.889,4.046,4.985,3.353,5.02,3.805,3.661,8.516,4.07,3.865,4.416,10.421,4.242,4.061,3.603,7.041,3.97,3.567,8.806,7.325,3.382,3.24,4.285,3.294,5.115,3.275,5.847,6.867,4.261,4.69,5.619,13.114,8.086,4.712,7.441,4.021,3.444,3.928,3.903,3.222,3.795,4.877,4.734,3.929,13.056,4.443,8.209,4.395,4.529,3.218,4.034,5.041,4.043,3.234,3.535,12.686,5.516,3.589,4.055,4.016,7.577,6.52,7.805,3.651,4.856,10.69,4.802,3.587,3.903,7.397,4.359,5.516,5.167,3.666,3.591,4.402,3.6,5.085,7.062,7.199,7.399,3.517,3.576,6.333,5.678,4.164,4.4,7.029,5.842,9.667,4.407,4.326,3.337,3.519
"Liver Tumor Tissue",8.387,3.551,3.452,3.29,4.544,5.404,3.615,4.359,3.087,4.117,4.098,3.291,8.927,3.988,3.486,5.227,8.841,3.621,3.886,3.539,6.505,3.145,3.774,8.371,6.302,3.173,3.419,3.784,6.707,7.163,3.452,6.109,8.206,3.848,3.433,6.064,12.51,8.217,5.192,7.576,3.259,3.342,3.505,3.249,3.356,3.277,4.609,4.433,3.846,11.98,4.641,6.064,3.917,4.601,3.555,3.17,4.128,4.403,3.033,3.252,12.788,6.615,4.018,3.658,3.895,7.751,3.576,8.022,3.95,4.359,10.553,5.894,3.412,3.601,7.172,3.782,5.995,6.261,3.292,3.329,3.803,2.973,4.174,8.171,6.705,8.061,3.614,4.021,6.121,7.421,3.756,3.939,7.969,5.508,10.09,4.767,4.023,3.389,3.245
"Liver Tumor Tissue",7.006,3.396,3.863,3.312,5.973,5.168,3.88,4.334,2.993,4.546,3.569,3.518,9.19,3.977,3.672,3.227,6.931,3.734,3.833,3.115,7.164,3.737,3.53,8.978,6.386,3.307,3.68,3.761,5.858,6.045,3.24,5.88,8.858,3.624,3.476,6.796,11.96,8.779,5.232,6.622,3.529,3.304,4.756,3.683,3.234,3.16,4.492,4.187,3.518,11.983,3.888,5.476,4.219,4.648,3.883,3.52,3.965,4.139,3.163,3.326,11.668,4.893,4.404,3.348,5.366,7.323,3.79,9.876,3.539,4.309,11.932,5.209,3.483,6.227,5.508,3.952,5.433,6.318,3.299,3.366,4.304,3.153,3.962,7.402,7.435,6.799,3.421,3.877,6.677,6.665,3.793,4.491,7.072,5.649,9.83,7.939,5.325,2.816,3.321
"Liver Non-Tumor Tissue",6.895,5.027,3.762,3.428,4.89,5.069,3.718,5.044,3.049,5.189,3.879,3.37,9.082,3.829,3.404,3.908,10.578,4.082,3.706,3.16,7.122,3.537,3.822,8.957,7.292,3.516,3.388,3.708,3.27,5.912,3.587,5.254,7.336,3.636,3.689,6.614,12.921,8.191,5.41,7.996,3.337,3.395,4.272,3.392,3.438,3.401,4.6,4.772,3.582,12.965,4.766,7.714,4.103,4.613,4.278,3.461,4.463,4.371,3.175,3.411,12.578,5.176,4.387,3.62,4.861,7.079,4.219,8.407,3.691,4.481,10.806,5.014,3.379,5.475,6.527,4.17,5.548,5.458,3.176,3.23,3.925,3.05,4.437,7.199,6.34,7.106,3.566,3.667,6.363,6.615,3.829,4.643,7.569,5.85,9.898,5.185,4.471,3.482,3.133
"Liver Tumor Tissue",7.296,3.243,3.739,3.539,4.777,5.734,3.429,4.307,3.068,3.858,3.559,3.821,8.249,4.134,3.874,3.661,9.721,4.032,3.901,3.473,6.187,3.428,3.395,9.106,7.661,3.378,3.378,3.862,3.511,5.312,3.242,7.021,8.386,3.916,3.678,5.599,13.177,8.331,5.21,7.878,3.666,3.42,3.584,3.734,3.28,3.401,4.463,4.401,3.604,10.066,5.302,7.079,4.296,4.722,3.431,3.638,6.334,4.473,3.191,3.525,12.424,7.202,3.97,3.681,4.979,7.352,4.007,7.759,4.316,4.972,10.832,6.46,3.229,4.208,6.951,4.121,7.617,5.575,3.414,3.439,3.873,3.248,4.182,7.913,7.38,7.974,3.641,3.601,7.264,5.638,3.909,4.759,7.455,6.696,10.54,4.075,4.397,3.053,2.771
"Liver Non-Tumor Tissue",6.738,4.182,3.871,3.861,4.669,5.206,3.547,4.681,3.217,5.003,3.888,3.59,8.8,4.033,3.827,4.053,10.816,4.36,4.635,3.27,6.529,3.433,3.283,8.851,7.52,3.473,3.535,3.912,3.345,5.42,4.37,5.41,6.424,3.754,3.569,5.858,13.101,8.119,4.702,8.042,3.213,3.462,3.813,3.541,3.654,3.414,4.579,4.837,3.465,12.601,4.772,7.754,4.314,4.457,3.452,3.517,4.107,4.786,3.428,3.931,12.389,5.625,4.305,3.754,4.021,6.853,4.276,7.416,3.953,4.543,10.844,4.687,3.563,5.225,7.704,3.934,4.601,5.388,3.455,3.327,4.032,3.333,4.217,7.062,6.626,7.401,3.627,4.096,6.744,6.562,3.694,4.584,7.702,6.303,9.564,5.717,5.026,3.833,3.759
"Liver Tumor Tissue",6.721,3.334,3.533,3.053,6.925,4.973,3.444,4.331,3.166,4.529,3.87,3.108,8.622,3.915,3.539,8.274,7.629,4.42,3.435,3.409,8.55,3.217,3.477,8.033,7.402,3.503,3.641,3.781,4.106,5.23,3.134,6.061,8.919,3.232,4.025,7.547,13.165,8.024,5.276,7.203,3.171,3.155,4.675,3.293,2.97,3.463,3.902,4.216,3.787,11.98,5.673,5.256,4.062,4.067,5.53,3.361,4.155,4.428,3.373,3.765,12.051,5.351,4.536,3.619,5.303,7.158,4.133,8.528,4.431,4.278,10.824,4.962,9.266,4.921,6.439,4.539,7.139,6.206,3.373,3.422,3.701,2.856,4.389,7.305,6.588,6.668,3.412,4.757,6.656,6.99,4.155,4.169,7.109,6.003,10.852,8.984,4.371,3.107,3.171
"Liver Tumor Tissue",7.399,3.383,3.419,3.534,4.937,4.912,3.56,4.514,3.048,5.621,4.03,3.271,10.352,4.099,3.405,4.524,11.054,3.747,4.028,3.162,8.036,3.437,3.501,8.625,7.34,3.423,3.482,3.998,4.381,5.938,3.394,5.592,8.08,3.958,4.102,8.62,12.838,7.85,5.233,7.512,3.227,3.461,4.939,3.45,3.381,3.172,4.115,4.318,3.473,12.292,3.456,8.24,3.914,4.708,3.929,3.268,3.979,4.742,3.281,3.333,12.604,5.097,3.925,3.578,4.709,6.78,3.983,8.199,3.376,4.447,11.231,4.992,3.626,6.933,6.32,4.185,5.821,5.34,3.217,3.303,4.133,3.13,4.314,7.141,7.058,8.437,3.352,5.063,6.583,6.944,3.561,4.461,7.155,4.823,10.301,8.091,5.748,3.468,3.279
"Liver Non-Tumor Tissue",7.637,3.812,3.63,3.53,4.338,5.359,4.1,5.167,3.147,4.714,3.821,3.747,8.495,4.048,3.698,3.995,10.777,3.948,4.023,3.444,6.804,3.531,3.576,8.529,5.311,3.305,3.368,3.919,3.293,4.882,3.323,4.859,7.403,3.734,3.784,5.018,13.055,8.464,4.383,7.497,4.213,3.739,3.526,3.238,3.183,3.46,4.544,5.194,3.503,12.358,4.993,7.457,5.117,4.559,3.398,3.723,4.707,4.392,3.114,3.423,12.559,6.184,4.248,3.611,5.269,6.445,5.089,5.648,4.08,4.491,10.456,4.781,3.48,4.702,7.201,4.713,5.406,5.73,3.253,3.419,4.41,3.486,4.236,7.125,6.83,7.888,3.61,3.653,6.324,5.869,3.768,4.427,7.23,5.525,9.965,5.232,4.511,3.138,3.569
"Liver Non-Tumor Tissue",5.989,3.97,4.584,3.908,4.909,5.728,3.97,4.975,3.247,4.905,4.106,3.871,8.123,3.864,3.812,4.373,9.535,4.567,4.497,3.531,6.934,3.619,3.974,8.315,7.253,4.046,3.737,4.125,3.418,5.062,3.276,4.107,5.379,4.287,4.356,6.191,12.932,7.857,4.476,6.473,4.468,3.494,3.717,3.923,3.406,3.659,4.944,3.878,3.516,11.819,6.148,6.518,4.538,5.127,3.647,4.36,4.49,5.811,3.241,3.483,12.735,6.199,4.429,4.405,4.804,6.639,4.562,7.264,3.941,4.578,10.674,4.52,3.722,5.179,7.196,3.683,4.974,4.759,4.16,3.84,4.161,3.424,5.677,7.726,6.04,5.816,4.226,3.542,6.198,6.084,4.694,5.504,6.473,5.478,9.649,4.226,4.52,3.361,3.212
